{"spot_diameter_fullres": 113.3410085152946, "tissue_hires_scalef": 0.12641425, "fiducial_diameter_fullres": 183.08932144778362, "tissue_lowres_scalef": 0.03792428}